{
  "twitter": {
    "consumerKey": "w7vznvLFtbXXBfEWFKP4BYSnV",
    "consumerSecret": "qWSZcC1NSNzViychqwdE3jM5MfMepazC2rDIeoArCg3b5f7oJo",
    "callbackUrl": "https://dev.hivelighter.com/register/twitter/access-token"
  },

  "facebook": { 
    "consumerKey": "1033158200105291",
    "consumerSecret": "97de4723eefb8f22e87068c9997ded67",
    "callbackUrl": "https://dev.hivelighter.com/register/facebook/access-token"
  },

  "google": {
    "consumerKey": "964781252188-43pp6ijsfpg0fdcmt9ha4krqjffsum12.apps.googleusercontent.com",
    "consumerSecret": "QI_TP-MmDtmhBCQTBvXo-wqh",
    "callbackUrl": "https://dev.hivelighter.com/register/google/access-token"
  },

  "yahoo": {
    "consumerKey": "dj0yJmk9T3RvenBFYURmQzh3JmQ9WVdrOWNWZHNSSFZUTldNbWNHbzlNQS0tJnM9Y29uc3VtZXJzZWNyZXQmeD1iMQ--",
    "consumerSecret": "d0fd9a8b41bc9a7b2810d9675996751902bcd170",
    "callbackUrl": "https://dev.hivelighter.com/register/yahoo/access-token",
    "realm": "https://dev.hivelighter.com/"
  },

  "linkedin": {
    "consumerKey": "77y66w9jp5pwx4",
    "consumerSecret": "tF0wTtCDN6wXayfR",
    "callbackUrl": "https://dev.hivelighter.com/register/linkedin/access-token"
  },
  "auth": {
    "key": "53cee2e3-5809-445f-890f-26335c5f2fdf"
  },
  "mixpanel": {
    "id" : "cfe02e3ba2993a94f5792a408405f4e7"
  },
  "apple" : {
    "client_secret_web": "eyJraWQiOiJRODRXMjJHQlo4IiwiYWxnIjoiRVMyNTYifQ.eyJpc3MiOiJOWEgzRDZHMjZWIiwiYXVkIjoiaHR0cHM6Ly9hcHBsZWlkLmFwcGxlLmNvbSIsInN1YiI6ImNvbS5oaXZlbGlnaHRlci5oaXZlV2ViRGV2IiwiaWF0IjoxNTk1ODc2ODc3LCJleHAiOjE2MTE0Mjg4Nzd9.eS6Gu0V_J2b_addmdqzOyQJO0uXssGSjDCCs_xKdTVu7hUFk4c5GUjh0rOMenhuzHKmJH7G44sSHG322uBS4kA",
    "client_secret_app": "eyJraWQiOiJRODRXMjJHQlo4IiwiYWxnIjoiRVMyNTYifQ.eyJpc3MiOiJOWEgzRDZHMjZWIiwiYXVkIjoiaHR0cHM6Ly9hcHBsZWlkLmFwcGxlLmNvbSIsInN1YiI6ImNvbS5oaXZlbGlnaHRlci5oaXZlQXBwRGV2IiwiaWF0IjoxNTk2MDcxMTE1LCJleHAiOjE2MTE2MjMxMTV9.LkowoiIUo8TaVOKIB2_Mdyj4zteWFZkDR1kuGjTBmToR8ZPAxjWrwMRs-i8xx50bUHZsif-5feDs8nr2svnzdQ"
  },
  "gcloud" : {
    "key":  "./lib/google_api.json"
  }
}
